client_id	path	sentence_id	sentence	sentence_domain	up_votes	down_votes	age	gender	accents	variant	locale	segment	Question or not	Wh word	Detected Wh Words
29a1c5378774ac5ec7e50b4bde83ed922d2b9ac6e9cd5fc4178908001e992793ed020e5e1c4cb1992b4aa99b713624ef5a630218d0d08fe951d26e2c05d4497c	common_voice_zh-CN_22072741.wav	77074b8cd86af70c943b092830b2d00e684905c7c32ab0b18298e6abcd0c7c50	青帘贳酒今何少？		2.0	1.0					zh-CN		yes	no	
76050dc83064ab866ff0fd5623d5633ed51ba6baa3bc86d26d76ee455caeeb54f275c47d0dd36d226bb9d4752c13fde152cd60422005a029f9967fc6238c2f12	common_voice_zh-CN_22101289.wav	7e405d5072b86955aa85757e65bdec9061a1cbcfac5dfd532feca0119a44652a	维新者何政？		2.0	1.0					zh-CN		yes	no	
ca55234da9e6f69641b9c603db263adb91a1c5aa2997b44a06fd467e401bbd7a3e625a7bd277a4b86ced339e91f5d458fc15a4b4706db324a9f6f49e16702728	common_voice_zh-CN_18995341.wav	16730ab50f495fc25634779ec48b490468450eb0547ceff5f03c2d5391a9d788	龙鹰如何保住大唐最后的希望？		2.0	0.0					zh-CN		yes	yes	如何
21b9e60b98163504288f397380eca0d3e4ca201122648b10f0140a37cf5cb600d5ee5ff49f45bcab14517ddaf4f44a4b12e63f098f773a71c119da58fa55b030	common_voice_zh-CN_22210406.wav	aaa727202242645e94cf71337316b793e0debbaa07676b01415c720a930a7701	头一句是什么？		2.0	1.0					zh-CN		yes	yes	什么
44c673fb72eec8fe58839ef5ca81b5fc5b4e4585506d4007782df7e1c8cefcb1009a4e753f89800085f79fd1f8fdf83b443440fd43e7e3b5d72daa1a3dd3a127	common_voice_zh-CN_22250461.wav	b71cdcdda40b2c2fcfb0565fa48d0988396b852fc4aee9e853ed2311c166cafc	是偷偷混入记者群中的神秘男子？		2.0	0.0					zh-CN		yes	no	
4d8f74acd595a95a9fdb39495e6ec03a4922ec888bf5f000915ebe25316f52b94c723db1c24f894b4e320d8de6ddfcebe83a955175e45d080c896796a5347e3d	common_voice_zh-CN_22177238.wav	a35f0361749825bc376dca393a0eee4f7b4f762407efc9e7b57c5b2f00d9bc1e	你昨天吃什么？		2.0	0.0					zh-CN		yes	yes	什么
54c38c7fddbb5caf5aabce7f75880be3c1bc9e6244ce932b9efcc630de114b9f63dffab410d609ff0db37689084efa9ae4c5fb0f30d32e94614c0efd0755bcf8	common_voice_zh-CN_22151592.wav	97b38a7640c86e69fedb3e26126b7016fa1824f2d6bd05ec2aa800da095dae38	频道头条？		2.0	0.0					zh-CN		yes	no	
5d9a8273befdef89205ee88800d88fb98f93b206fd8039b178a14c983475d2dca229e70c166cd111da2966775bf4df6383b1a666afbf1fbac50736b142af4a0c	common_voice_zh-CN_18989716.wav	14bff99edbba5b38f41bcc7d6c0c418a716adb495d508f030de4dd9c9e47fbed	你几点会去报到？		2.0	1.0					zh-CN		yes	yes	几
b9df9eac18841523eb308210518a777c96eb449e76770dfe44410f5b8edd97ea5537c3739cdaf873e28fa5db2e99f666e450f1ce1c6c72949f3003cd662775a9	common_voice_zh-CN_22057658.wav	68c3f7d5756741510554e1753147524d05ec02a5975dbea1ce9e75a9e14cd725	赵氏孤儿有什么罪？		2.0	0.0					zh-CN		yes	yes	什么
feda1a469e877e99baf57320c904478b034ff02c5a6a6720626902614deac0f803efe95a4ef1cdb8fb4b9f1850b7c7b2477f4f24a782ec225e7aca77f17f0e39	common_voice_zh-CN_22021052.wav	5ea14e624f5f1ae1dc5145d51f4559380dc9c26d866b5c5749760ffa4de7c1aa	谁让你过来了？		2.0	0.0					zh-CN		yes	yes	谁
124514188b5583b1cf19faa3843f609c7ad7e67ac415b6eead2a1e84acd235c14985063cc16c1bf682862230373d772c4f0b4cc3f57977e30d481cbe32ba2c18	common_voice_zh-CN_22215048.wav	adb5e79777445ce8600ce395216dad43fd92a0401a1982ce277bcf5c306c0ebd	考虑到我要怎么存活吗？		2.0	0.0					zh-CN		yes	yes	怎么, 吗
6f28bd3c7f178b06bb448e070d834ffbc986ac9db3036bdf210d03845ddb85b62cfef8e31009ea6745b44ddb309a094bce0ece87462615aa21d02b6cb82eecf2	common_voice_zh-CN_22109877.wav	8a491adff46f965e48f5c2aa5aa6aa686efeb0e160b715dccd4ccf6570c6407b	应该如何看苦难呢？		2.0	1.0					zh-CN		yes	yes	如何
7dcf31b64b6a63acc10d4cc9d56af702c67b21d7d6bd5d6e9ba925fb64bfccc77cd689faa4c756c18f8ee3e00825cf7b5de3b777a5f58131850fd53e7ea0f1d4	common_voice_zh-CN_22214168.wav	b11d17a5bb27a18dc6a930d2efcea162270ccba719f2395dbb195d1165bc35eb	怎么感觉很难喝？		2.0	0.0					zh-CN		yes	yes	怎么
85256c2c8ed6c3aee065da9f9608f258f5f38c5b8cc0e0a45c7f49d84711940a3dace814b1ec431c79477059d52126f616475494861f8c250506072debe1b684	common_voice_zh-CN_22055092.wav	66617662668f9282e102bd117c1ac4fcad3f41ecbbf593a1310cfca04787c91f	该不该通知她？		2.0	1.0					zh-CN		yes	no	
89fd4c978d324d16a79ae07ac48c2d824d1745faa910657981f89e61e762bfd952ece4e5ca394280dfa7d96c05f84fac67d724dafae39cab27ff4218b90aac6d	common_voice_zh-CN_22153980.wav	9b4ac0a91debb6abbd65d0665003cf79de426d36ee0c6df40df4c65c7c79b42b	还是因此更加深厚？		2.0	0.0					zh-CN		yes	yes	还是
a754762f34a574635463d07455751fcf885c1e67d761c6c860f827a44ab1dc1078090985039bd237fba9493a3d9f6213331f51b463e0497d3fb934193b425020	common_voice_zh-CN_22187198.wav	a7a56a38ab9929948773a53bdc09547164b829d66b26ed49f6a86cc86f1e2ad5	蓝色的天空看来像怎样？		2.0	0.0					zh-CN		yes	no	
ad5f4c4a6a4be517bc1891cadf0294129fa80197474ef3454c6b7188fe39d9f0408bf8c1e8a268117e23878d93fbe16a927da34511f37e60c3449959604dd7a7	common_voice_zh-CN_18646866.wav	0513493174ec9a30d8ff381ee26038ac9b62e5a6828d50a3ce728a300f847503	你有带钥匙来吗？		2.0	0.0	twenties	male_masculine			zh-CN		yes	yes	吗
b92001290de77f2f05bd4838b8ad0b45643183c40170459b7a6e9e45838b37d9df3cf8be9ed361a7510ff344910453877a8bcfc89e64b3d23064caa0029ffc98	common_voice_zh-CN_22214237.wav	b199c67a4607d4cb1711cc2a56e630b8e4c7f832f2d336f4a72b0840c51e78b3	为什么这么急着抵达终点？		2.0	0.0					zh-CN		yes	yes	什么
ce72281e6f9f7507dd7cde559322cb8280224874105537cfd971ccc0fe2f96ad2d7e8acfdae9d6df2f8de3c255db2013e13cac7493e1ac089bc9a4699d37c18b	common_voice_zh-CN_18985050.wav	0535d359fffcb0cf5d6f946197431d903fd4b65d08ed9973dbff8de0981a3429	为什么不宣传陈玉成而宣传李秀成？		2.0	0.0					zh-CN		yes	yes	什么
cf6f9704517191553ee0545404f98edab1c4d7cd0aa5a24b62a1b4a45fa27507ff58926d810819ab826e4c98d0a98e838f6e010e22ebf4a1e44548323df573f0	common_voice_zh-CN_22185014.wav	a565c49c84217f41b128ff513f57706d32e3fec70aba31bec12e46f494d8e0f8	谁才会是真正的赢家？		2.0	0.0					zh-CN		yes	yes	谁
fc4f86f8ec986ad02cb779d78a24355277a06719b7ed6baa952deab21b40ba9dda3adbdea05877240fc15d820b90a818f4fce06a5496d6f40136d301c5e69456	common_voice_zh-CN_21090987.wav	4e784d919f3cbcf2539e458d409fad16bbe54725b2cf93433d346c32ea63cf5a	到底对方是什么人？		2.0	0.0	twenties	male_masculine	出生地：11 北京市		zh-CN		yes	yes	什么
0199c07b34065f11cf887efff71359662cc7eccd4bd9c7da41a3f523adb8b1cd4bbeafb4dd7c14d8b746e25e23e97741724e240bdd02739736b78a38374ee3d8	common_voice_zh-CN_22113180.wav	8759fc476244f01f4895840df5a9a1c4ecc2fdbcfeb67b9e18c1f2e1c48d629b	你刚才在搞什么？		2.0	1.0					zh-CN		yes	yes	什么
9e0ea913cf30348032b73e41f445f859ffee5faf99ed6fef27fdc63be7e6b0149a297649499d9a32d54ce14e27b5f38e46f7dce2165046889f102563bc3a1ffe	common_voice_zh-CN_22119023.wav	8ce4539b11071ea61f2c7c99a8d401091f93ffb0b65027824771b4094de9a413	假日哪里好玩？		2.0	1.0	twenties	male_masculine	出生地：44 广东省		zh-CN		yes	yes	哪
2559aa7625e01495104f699a36556ae8917de5c05c04f3145bd2546d6791e684e0d962757b3bd62b2d8733d26382bea2db5f4260e6f2fbd28edc608a96fe8170	common_voice_zh-CN_22189810.wav	a9a1e0d488bd75bd2c6b5c02a11cbe64aa185fb3252d31ee0893eb8f68430db4	为什么？		2.0	1.0					zh-CN		yes	yes	什么
d885f81e10cf76095c0f8eee0520ee93e36351fcea632e6e16fe77fd14bcb036a2fb25e7b7636b5b660d4acb65ffe50f5c8e139f5bc8187d5e616517312413ea	common_voice_zh-CN_22062360.wav	6ee394325db311068cbdaa143616c3091b6822f60c6a4f2fd8530a6321a4acb0	还是怎样呢？		2.0	0.0					zh-CN		yes	yes	还是
00873da0e796c2bf5bc9204fa927d940004518f2fd4fd877ed8342f62c72e1c9abad72b578af31572e693b7ac47b202bb59c006865948b86e819b3ac8454c807	common_voice_zh-CN_22083508.wav	7c339ebf6a3f1ffc73b3d309f702583f308c8465a7c2e8dbe8c816db1c446d0e	那是谁？		2.0	0.0	twenties	female_feminine	出生地：37 山东省		zh-CN		yes	yes	谁
1171553467213419a5d2f3686701e7f42c411103d320648bee1d3bc6703409d9ae56433ac08027793140d7908157bc8ff5699826eac8506e525731029c3cea76	common_voice_zh-CN_20799176.wav	4c99bcc977fa6a536f7530a813840cd60df39b79953ed71e4d2807e9650ff32a	是否真的有惯性收视？		2.0	0.0					zh-CN		yes	yes	是否
1cde623def6a21b11f3ac5228e5e8e551ea4a3f98b0d8dfa81fedd747e11e857ac9f5efbc3e8ce87ab9e49203521b791d34ef6c6e4be3c3e33ff3a0bb64fd305	common_voice_zh-CN_22040961.wav	61d2618f39b3891b005373364d1081f504e3bd0c396baac8e2eeb1854dbdb90f	掀起血雨腥风的幕后真凶是夏侯武还是另有其人？		2.0	0.0					zh-CN		yes	yes	还是
2587ea585fcd6a3b5aa6c092342d9e9ea540b7bcc048b0e50f461897e52e7f84fa145321691b24f5fb9990c1189ea310c5c680f64ab15e4648c7f4a8d14ea895	common_voice_zh-CN_18995319.wav	1a2023db7ada50b65b5eaef721a86fddcbee4d953afe6262d87907d526944766	邪马台国在哪里？		2.0	0.0					zh-CN		yes	yes	哪
35fba2b40908d19f5978649039afdf2a34bba1926b06831a99e05b3fc6ff2728488d7e84f96c10b749299c5705d7b87440f65380746db85673b876e823dd1ee6	common_voice_zh-CN_18980254.wav	0b745ed34e39ee19d85acbd8701bbe6ee3f3ddea7de5541f10c82c14722dec25	我吃的亏还少吗？		2.0	0.0					zh-CN		yes	yes	吗
5e99b625865ec0b00a440a55400353249d238dbdb586969d18698b132dbd3cfa74a6d40b6a59a030b380029e201890ae39dccae1236885fd7fef8b53b0f8c807	common_voice_zh-CN_22061526.wav	6da98d6916144af95665f0fc1f97c1e1dcb9fd7388afb27a8d4e12d2b311e5ea	难道是卡洛塔杀害了男爵？		2.0	0.0					zh-CN		yes	yes	难道
5f9f2087a5ca29556e69014e4f8da5bb8a4772f5fa6c7094f816b12d95332f38611f06b05d0cf073e8f8ca3857a3247b21df934effb8ed330f9a533a03efcd03	common_voice_zh-CN_22210594.wav	ad0ca8d40b9d6c33833e7780c79c57fcff05a5341a7ca785d9ebce1b4a50958e	为什么来这里？		2.0	0.0	twenties	male_masculine	出生地：37 山东省		zh-CN		yes	yes	什么
17be97a5a4e3d7476d42dc5523f4803075066cad1763a6d8267ca4e91ffe4518ff0d39153f7b0786577da4ef3433d0bc4a895c48816bf6a6faf5d831df1913de	common_voice_zh-CN_18978152.wav	065b9cbcccbd101b6041482b3695fc739d489b0e7bad2a13f0ce2732b54fafcd	是否不肯付出？		2.0	0.0	twenties	male_masculine	出生地：44 广东省		zh-CN		yes	yes	是否
d94b005a9725849bd24bbd3846e46157f91500ee261d8e9d534ed50c167e6d6512c80f6d8477d535e623807d85ea35439c648725a643a3ac5ae154fb0ed7490e	common_voice_zh-CN_18982739.wav	0d8f13d7fc769fbab76ed581875950bbb84e92d59cdb3bbaf265cbb2ff82c641	你有啥子好主意？		2.0	0.0	twenties	male_masculine	出生地：21 辽宁省		zh-CN		yes	no	
dfacf81ef98f2b80ebf3a932d8c926f7fa65ffaa8dfc35edefc1344d0e4096cc52dd6cd86f2b29d9ae8dc8bf25d4ac3e0fd6133ed370de7f4e6df6d89193c9b4	common_voice_zh-CN_18592641.wav	00f6323b63c2e30eba2cfdc8ac8e26a45a2d4cbdba84137838484f09fa78a515	你知道我们怎么活着的吗？		2.0	0.0	twenties	male_masculine	出生地：35 福建省		zh-CN		yes	yes	怎么, 吗
ec3391f54b4795f8b36701713ddaa3181869d2efba24b1e1efefa94bbbac01076839eedbdb00321f65a9b576e4cf95bf3955a3bb61dfbfe765abd3c2ec22b52b	common_voice_zh-CN_18978041.wav	05baa86c585b9371a1b32dd2959bbababaac80bc87bd48604f9f10a3909860c2	秦国哪有什么满足的时候呢？		2.0	1.0					zh-CN		yes	yes	什么, 哪
99a1d84609cd245d29705fb6a38205e786ffa2b55967eb35d93e48f3d7f5d2167a2c6cba21a1bc30cc572cda14a52533619442787d7a6a89ba08e4bcc29769dc	common_voice_zh-CN_22308086.wav	bc2eedd1d70759c8e7ce738775d3714505b4499df0482551a497340404e6ecc3	社游取消了？		2.0	0.0					zh-CN		yes	no	
18d4e9012a93ad6aae93531079cf4cac311ee9067d54a53f091ab61acdfc68bb37f26cb703c01bb6b229ff61b21a95f918d6cb8aeeed70f409190cf3ec0300b4	common_voice_zh-CN_22343650.wav	bc8d8aba7e87b9f70d4b015a908563ddfd20351ab81667a590cbcbab401cb1af	怎么办？		2.0	0.0					zh-CN		yes	yes	怎么
72d6464b929ae1f892b2071f23861797dae06e54039dd309f82485daa8542500292a9cc1c3752f1a5a805a19da7390cd9bcf54361a0afd655710413cbec31a2d	common_voice_zh-CN_33477883.wav	ad18fca16a585309b0d80c9bfc7cb6e83d9e4248f6a715e2c8031f19b9fde9e4	都要向妳报备吗？		8.0	0.0					zh-CN		yes	yes	吗
95dec8186eb9a457342da0ae81696debfa01e7b20f080f48503138d71ac29bed41eaea33b254732ff5b521258e6857fb7b73221f24db2e07f91c260ea71531b5	common_voice_zh-CN_25728988.wav	ece91422273ba61ea8a0e606641ad4a5094997416012a15cc04d1b4ae0176c9c	你是谁？		3.0	0.0					zh-CN		yes	yes	谁
a415dd099b220c17168f875cedaf2508d910332228c3088f244aa94302655664a480edd3ef9a6bef9f6107da48d2b14e3fc299367032c63d1174da062a54bf66	common_voice_zh-CN_22054950.wav	64a948dcbf4a9f5d39cfafa147e7bbb2f62fe5a2a0f98fc649630709487161de	你想要到一个比较好的地方吗？		2.0	0.0					zh-CN		yes	yes	吗
51aa55d5fa776854759c93a6aecf268ce3570f27240787a81150d21595d7fd22ed672cd2b26deef3a94afc1c4f4ea8f2bc5f08fbe206a9be568e1139e0cc99d9	common_voice_zh-CN_22067819.wav	6fc0addbf19e192067d133cf29b5d9e04b811a0f3ebfefde691a9966c9f1bb98	还是恶性循环？		2.0	1.0	thirties	female_feminine	出生地：42 湖北省		zh-CN		yes	yes	还是
9685bccc666cabcd46a4c563ffb6be7cf04dd65d0b0c37bd393eb23b97aa857c504df39158a860f55f7b5a637dfebbf97b7c7c315f842f1f2539d575bb555ce3	common_voice_zh-CN_32597545.wav	e36dc42c11ba42aa7c66e4492b33a0c62461ed79d6d2f58974962b4cc22b2fe2	是这样替蔡英文助选的吗？		2.0	0.0					zh-CN		yes	yes	吗
8fe610d5c74718452dab38e907ee6208038d72502c00b063fde2f41acba24cf412429de8587e71dfcac8e3bcacc3854cefb84457f44a604db40886fe1439194b	common_voice_zh-CN_18661534.wav	066ad85f1452e477cde2a0d4e9bcd2b05f43790ed4603919645c104e72117473	发生了啥？		2.0	0.0					zh-CN		yes	no	
c4c715dd3387fdc5b5cae1fff1f7bf0626127710c0f9b74b4eacd809f5250e5da93305c5ba350bb4fa844caafd6ab216092c491732ab6238c7d4406af1a3c70f	common_voice_zh-CN_18994257.wav	15af6ee40169e0ae3099378b1c03f59d1bf40326cf85df8d2565a84715326c22	你是要写会感动激发广大群众的文艺吗？		2.0	0.0	twenties	male_masculine	出生地：11 北京市		zh-CN		yes	yes	吗
d78cb170f3a5219864c0b7d089b7a146f23dff1a1f10ab70faa2dfa248df4e102808a7c873b02fd863a1a8090f48ec092995c6437fe018b4252b5ea6d8c1b4f9	common_voice_zh-CN_18777994.wav	08fef219e667a6a881b441e192d8e11c73fc69fdae3bc06387c0a701bafeef40	但秦钟震事后一想，「五代同堂」非常难得，如果被谢家的家丁骗了，怎么办？		2.0	0.0	twenties	female_feminine			zh-CN		yes	yes	怎么
e0c3f09c2362da21e0e2b20b0d68e96db073482cf5edb7900a278b7ce49a79d6b5655a458ae241dba2c8c5d2fdf43f640b3fd904494b23bcd81c69058a319991	common_voice_zh-CN_26574983.wav	eac50bc011d3eadf3252a4d76e21f573d0e3a97847bd3fef2798e4a88b1c312e	调查组是如何开展工作的？		5.0	0.0					zh-CN		yes	yes	如何
25cb7376058d1d39e4ea2797a910591c57b696a42e0cb04eecebe581299694d0d9f47dbd1ccefff8a04c34281dc396d2c17ffc9349fa12cbfd82d1d711ac17d4	common_voice_zh-CN_32584875.wav	b7e08ab9362eb03efdbce08466688091ae1df77c4296f8cb5ec7cb79745fe164	我们是谁？		4.0	1.0					zh-CN		yes	yes	谁
8a5b0f4a00967db460276340db49bcf2bec8d41b91c8cc8f375cb6d03ee0e40536524b9377a611ff2cb388949e585cef12e5781aa94edfeb8a7a9d4fcf8cf26e	common_voice_zh-CN_22189595.wav	a8c77ac274d875a939658e13ab8bc87edb3d6572465c1f0996ad731931bea713	总警司？		2.0	1.0	teens	female_feminine	出生地：31 上海市		zh-CN		yes	no	
8c4cc89853a2f9475d2ffce942ea0b1f211b02456214c8ab957a79ca952bbfd8973c82d7fc09544efddebacf6c08b7f989e0ce90e30d123aaefd36cfdaae6c8f	common_voice_zh-CN_26002158.wav	002585a2130d86be31f54a5e7ae454c7acf4c92cbc0a5ae2927aae18b7adfd14	但是，伯蒂，你不是说你知道这些线路吗？		2.0	0.0					zh-CN		yes	yes	吗
546fba2291aafa32ee5bd90296d768a370c86d12f7b6e2c177313d164422876a03dbb05a26bbf3383b394df04e5b2031cd2162fa63b3a2c377f186cf1b1adfcb	common_voice_zh-CN_20409634.wav	458abd0928723db89c0ed89016d56848eafcb2c0c5d2ea2b4689d7ab733186f1	他们能成功吗？		2.0	0.0	thirties	male_masculine	出生地：51 四川省		zh-CN		yes	yes	吗
5d4eb3de6e3da825bcc1f1d0e526ff468e63204e9d3ceca3f83166d3d57314662733728d28791a4489ed56174cb3e7250502ced2967ede286a193ea9b282b9cd	common_voice_zh-CN_22294361.wav	aff5e586cc0e3dd7dcc7d3de6d0b1388c070faf4a6b677d26ac140b3e40a3b60	你是什么人呢？		2.0	0.0					zh-CN		yes	yes	什么
437ad81e26a9e231788e20c867735f3ac57d2332884afec7587fe82196dce08a3911183c5e1e0b5b5cc1c6c68d4fbdf980f3f8e305ac8c61aeec21b46f4d0d6c	common_voice_zh-CN_19006904.wav	212003dc9d42f11073539b83587544e31f42cb27a516b8081746d02d22f61b42	我想你宁愿跟同志们坐在一起是不是？		2.0	0.0	twenties	male_masculine	出生地：32 江苏省		zh-CN		yes	yes	是不是
b79ccc43811d3e9b8c349e667fe177d32d346f4edf797acd7ac7667a2cc3507e003f8dedea299cb46d3e20ffbac18d6fd70495ad8d696ae47328f1269aba6073	common_voice_zh-CN_22240410.wav	b4c5ae17063ce0c221e25ee9bc2b691c16b0828046ea33dc2a6c14c05fb6f736	妳去哪里？		2.0	0.0	twenties	male_masculine	出生地：31 上海市		zh-CN		yes	yes	哪
2fc1c76ae17e21f8c85977e4ccd631183715d6f83aac647516cab112717d883db017656504d1ba804697b22cd2bd2ef78a98ae93bb421fc59b5a17ceba29b66c	common_voice_zh-CN_22219066.wav	b0103aa520ffca395b4175b529906e3cc851889f072da814b7f6dc76318a658a	傻啊，担心什么？		2.0	0.0					zh-CN		yes	yes	什么
c3d2d0c9bbe524d56177da980677b81887c4bff30ff78565937bb8903367a9ac4a352ddf9708cdfa94c5edcd197ec22483a25e66a1e62e7f984f705d2753ff5c	common_voice_zh-CN_33478075.wav	aff5e586cc0e3dd7dcc7d3de6d0b1388c070faf4a6b677d26ac140b3e40a3b60	你是什么人呢？		7.0	3.0					zh-CN		yes	yes	什么
0cb264503d341a26c8f39148cb864acd0f9fad978cd54bdd217086c37781c62556d834b7f491dafefd69743f39e2381054c38ded2a32b579a5a702513fbf78ed	common_voice_zh-CN_33220002.wav	fe211376402f26633b57471cd6a7546fb720ff4afdf9f7416121cd6089d33b09	如何确保台湾？		8.0	0.0					zh-CN		yes	yes	如何
0d03deff03de0d0e809d01ba143b47bb8e5764328152e3ce1568fb4c7ab3a9cadb55e05eeb93f6aefbd2652a6c8d3b74b9eb4ea8d0899a3f262426612a8e14a2	common_voice_zh-CN_33032425.wav	b199c67a4607d4cb1711cc2a56e630b8e4c7f832f2d336f4a72b0840c51e78b3	为什么这么急着抵达终点？		3.0	0.0					zh-CN		yes	yes	什么
5a2b7fe06f80bdf05733f915838d10d152185e1af771eeebb87551381e53ab91ceddc378e9a5a7036f9802990ae96768bcd865b4f879ff7e3d9a4740a11f277b	common_voice_zh-CN_33274537.wav	bebdee7da0c80931a46ab4362522ebc15f299197f84bdc90143d6bd8713fde8b	会愿意和你生活吗？		3.0	0.0					zh-CN		yes	yes	吗
aebc3a5b529e2cd55bbff1f52bcc342512e93d85f23a51b862f58bb9432dd4774134bf439cadbceb3c70f6e3fc0dc1c248261481d6f5ef1e8f3eb088bab1712d	common_voice_zh-CN_18993515.wav	195d5de1061a712586e915d40ab31ee35ddd736fc749eb3362dc173298ac0e08	而阿备的爱情又会何去何从呢？		2.0	0.0	twenties	male_masculine	出生地：37 山东省		zh-CN		yes	no	
aebc3a5b529e2cd55bbff1f52bcc342512e93d85f23a51b862f58bb9432dd4774134bf439cadbceb3c70f6e3fc0dc1c248261481d6f5ef1e8f3eb088bab1712d	common_voice_zh-CN_22935049.wav	c6515a2f7b9d040bbefba3a04c22cfdcd6ff44df24dc34f5b22e008dda171fa0	众神的战车？		2.0	0.0	twenties	male_masculine	出生地：37 山东省		zh-CN		yes	no	
c0fcbf8684573126d40f6c80f9f99749478922600305bd700c519953805dd392c07336bdaaa79edbc43a4cb6e3542e9a772ae510abcb2140ab58a0f2d78767f0	common_voice_zh-CN_32521898.wav	f7f39ea13efed060e1ba7ca120360a4aa80983129a007e9a6c9619198f8ea995	先生，这是你的钱包吗？		2.0	0.0					zh-CN		yes	yes	吗
da8d6118d31f9556d5c65bc9664374617d6439515ff7c024c710a115a75f9112faacdf34e6b45b70939369896300fb7e0fb61e5994e19fd4b25af59017d55122	common_voice_zh-CN_32661025.wav	b199c67a4607d4cb1711cc2a56e630b8e4c7f832f2d336f4a72b0840c51e78b3	为什么这么急着抵达终点？		2.0	0.0					zh-CN		yes	yes	什么
4bd5ef67d6054eb397a7e60daecbdcfe8387c72184be4cbe1af2dc72d6d440b422370d2812837d199c9d5475acf7e2d4d2578cc4b945bb49b253d5e78d21990d	common_voice_zh-CN_27684857.wav	f6669f216604042e202a5e930ae3ade357d022c5af02dc68002d44f3ea52206c	可是钱从哪里来？		2.0	0.0					zh-CN		yes	yes	哪
451a9203c1cf1b8763cb0e659ad246352b31571dc71410894f1495447416b03094ab14d499078238f950a2e5281201eb2debf13bf5b17655169cb5a2b6e197f5	common_voice_zh-CN_18771743.wav	06a502c1c86ea0c6fc2fa3305e9dc828e81d28d760bca51afbae9632d16e169c	吴乙峰问她：「你希不希望跟你父母讲一点话？		3.0	1.0	twenties	male_masculine	出生地：42 湖北省		zh-CN		yes	no	
5801633a377fb339acf638b6c0250fd54669126926e13abfbbca3a64580de6ac499509aa0ce332bc3d2d332ef57158dd1bb3ef0f3cae295d501ee883ddc73f90	common_voice_zh-CN_33300222.wav	fe211376402f26633b57471cd6a7546fb720ff4afdf9f7416121cd6089d33b09	如何确保台湾？		5.0	2.0					zh-CN		yes	yes	如何
844bed009831973f43495eab1ca52ab865d6350c406b383d1cf67013a3fa24c213b11b1aa6d0126a5bbcef218134bebca2fafb990091b09c91aea9092812b0be	common_voice_zh-CN_22325408.wav	bb317d67dde0652f16a61f74c943c932594dc3b9ab5c83297c9fa152174c1662	真的有效吗？		2.0	0.0	thirties	female_feminine	出生地：37 山东省		zh-CN		yes	yes	吗
885b9417a4d98f897577696054c07cc5d24ff62021d28d943146c6e996a2f0addedc9cbe97ae827f45f5b79d6c549c10dd75f95e4d29f25e4073d802ae234b6c	common_voice_zh-CN_18724683.wav	02b593561637bae57dc79dd10c58bcee4ff723c2473c634c1d9d23abfec1ae72	温峤有次藏在帐子里吓唬庾会，庾会神色恬静，慢慢跪下说：“您为什么要这样？		2.0	0.0					zh-CN		yes	yes	什么
4e5e07afa0f8f2f55e72700142e0d6733f77af5cc8067bb850f099eee5db9b2d670e1b72dd820db299f5b93ff299532abb20f0994f14c9697502fb37fd683da0	common_voice_zh-CN_26169276.wav	008129402d2f52fd7cf8ebcbd08352c4641877ec14a882c6c86747262f4c2094	北阿宾顿会下雪吗？		2.0	0.0					zh-CN		yes	yes	吗
7e0aee0ec909e69eef30d096a9c56fec508ce5978ff380c3d55d3fb52c374fba2278b3a3161f17d87c130ed16bf953f81b5c363d86c4db23c1e451605f352593	common_voice_zh-CN_33220374.wav	ff64de0836d650ff641a8ae7ee96f42b866bb406ce790243684a17b541670af3	何恨而反？		6.0	0.0					zh-CN		yes	no	
020bf88dd89d278bf9421eddb7d78cd66621f905fab43174bee7c83eeef0aaf90dd5b809ccd3b8ba80785cc56651442df1686f3c79dde6ebdf44dbf5151997d0	common_voice_zh-CN_25039481.wav	e0095213a596743a0d527d68e2855e1c1476a87128bc4c7ff7f348d639b687d9	还没有消息吗？		2.0	0.0	teens	male_masculine			zh-CN		yes	yes	吗
5d66e9ec552b7b74ae9c1137559ea3cdfe341af1e3f8984a7efcdf2a501ccccffb1c92996735d09372e8d0db5f2879a984d9760b195107e18fc8c218f256abfe	common_voice_zh-CN_18600815.wav	130fce410a77390f620524114d156dfec70a863f7c89b21e0351a97547e88c3f	男女之情？		2.0	0.0	twenties	male_masculine	出生地：13 河北省		zh-CN		yes	no	
8a94d0ff96c5a6827b6fd92668afc167ef11dde5a6230855b3a8faf04b8874e88b0991d9c4ad5ba8b5ab473b6769cb09df1b1b2efaae40a68111ef47496600bd	common_voice_zh-CN_18978110.wav	0355ce8e82ba515345f88566dafc845781a10623d55de9f6574d3d54db2923d9	昔日熟悉的人们各又如何？		2.0	0.0	twenties	male_masculine	出生地：23 黑龙江省		zh-CN		yes	yes	如何
b2eae7ac0ee315a4c55a8d1e2827038fd3c778034e071aab29020b4962cc97da5ecc8ce8132f7b086dce6828a206691dd645448f9eafcc09ed7724852839f3d8	common_voice_zh-CN_22224716.wav	b6c6979b68e3beef293b1fe62dc93ca93b7baf6833fe8c8e4cba5807a965b28c	得到了钱却没命花吗？		2.0	0.0					zh-CN		yes	yes	吗
cb4658f40f8c63013fce420cdeb1f3d06ea61b29ead0b1db4b4997192b435f9bb6ed076e1add0c662513af02ee339f87e2c5771db78e92a4b4261a7b2bb45d08	common_voice_zh-CN_22154919.wav	9a56fbd1f3f35d0bba179cf2c892c2704f204ffaf6869e6de3e619639f6310df	我们应该先告诉谁？		2.0	0.0					zh-CN		yes	yes	谁
00c04d12b3cb3ab3846b930a67316ed8d8510b60e7449e2082961857cd1c51b38901030bcda5b18e57f59462518c3da3d6eb987d5fdb436693d1eb59b24b43fd	common_voice_zh-CN_22148131.wav	98c3496d97ffe496b68d2d34b807c251b69dda7205c13c344eb81fc78e2f8182	巴士应该在哪里搭？		2.0	0.0					zh-CN		yes	yes	哪
4a4e4a24326b8112dc1770c72a4e7334e5debd0096daee6dbaf67f50c410d5f9fce3f7bdd767db89328c95ccd92deae875a47ccfb2ff71088596cab91b87d419	common_voice_zh-CN_20010041.wav	3ccbbe0e118b31f945c9786130628625440a5417d7c4b6a39fed41ac047d996f	故园人岂知？		2.0	0.0	fourties	male_masculine	出生地：41 河南省		zh-CN		yes	yes	岂
3596c63a300be524ab752cdc7ac31918d96c54ea57511f621b42c542e757ae1ef1f7e86171ab0e2dff43009b053bf03e7b45a5d13fa72df71658634ceba869f4	common_voice_zh-CN_32735605.wav	d22f1a55be25e4af3a72b27b5044f2e1b83adf47fdc3d1fed3ab106f375d3834	不在这里会在哪里啊？		2.0	0.0					zh-CN		yes	yes	哪
faf7f7f9023bb49ee9ef6b820502440aff03b5332add43977013511146eed9ae9882ed7fdaf2b47c85b38563998a2470eeb0ad2381783d4eca50e513e2ff0ea1	common_voice_zh-CN_20070348.wav	401e285e4e6130f647cb22e24d47f7f5cd6d1ace7027e38bcfb9dcd857149032	这是哪里？		2.0	0.0	twenties	male_masculine			zh-CN		yes	yes	哪
062b1090fa644c02edf459a08175262cf2b8fb55993ce1f747732ed93b944ee43a90ed16d637bce421ba042ad2df814b568046afcb7102a9aea11c2971ae5b72	common_voice_zh-CN_33503592.wav	ff64de0836d650ff641a8ae7ee96f42b866bb406ce790243684a17b541670af3	何恨而反？		2.0	1.0					zh-CN		yes	no	
d3ad83f7520836393f58ac7f51513728f1a702f7f48653229438d7bbc9d2bcef70c0981d6c39a61038c817e265565584e3dea736f950992754075bfa4e81cd8e	common_voice_zh-CN_18730634.wav	00225151d4dbbc570ebc17b2608cbd2c02a7a1847e4b984a98f64a09b1ff263d	塔卢拉·班克黑德也在场，坐在桌旁自言自语：“天哪，何时才会停止？		2.0	1.0	twenties	male_masculine	出生地：33 浙江省		zh-CN		yes	yes	哪
acf53b4cc2a7852e3ea4e73a29ac3b6d5b6bdcb83fe87da87596f8ba8a09819cba272a628dff0d0d4f7ce084919f40d1ce7909be34c50afb5ae29fdb69597b6f	common_voice_zh-CN_20073766.wav	3e0928794de93de9441ac964a474591349167ed0a756f191abbfcc1ea072e75a	曷言乎罗汉脚也？		2.0	0.0	twenties	male_masculine	出生地：41 河南省		zh-CN		yes	no	
7dacd952866cdee6d1b6d28a232ad508aef324d5796b13aebb4ff9baefe39295672cf9b276e3a2bee16635cf419ad2d638f695928337ad7034a96fb60e0e9909	common_voice_zh-CN_21353927.wav	5266c501eae971214f9ccee8ba1d7699ff5c9c70f2e9b5c8633d1a94b218498a	我还要听你背一次啊？		2.0	0.0	teens	male_masculine	出生地：15 内蒙古自治区		zh-CN		yes	no	
a814ab0b745c675cb5743ec53ae89b5a9ddaf76fd2c3247aaf4807609bd6fcd34650023bc7b99322017eef93509dfb96e779c71e291a64bc4bc25bcd9c95da11	common_voice_zh-CN_33053610.wav	fe211376402f26633b57471cd6a7546fb720ff4afdf9f7416121cd6089d33b09	如何确保台湾？		4.0	3.0					zh-CN		yes	yes	如何
0aecf8eaf1ae0369b457a3f0d07da03ef2f1aaae69a4229dcb5dbd20bdec6d51601dc5fc767cbe6226dacf21c5a5712e9f7eeec52fd2ba1e9f5a2c51894d61d4	common_voice_zh-CN_32896879.wav	e4317053c1fa1e90d3a4fb3f898f902c633ca15a61787abf64e2ec56ec654f19	或刚好今天心情不好？		4.0	2.0					zh-CN		yes	no	
a312cec79d6fdfb6e19d4ddb0105dd0c3b4c737aacbc4df8a1ee436f36b4c389da394eb24e957ecdf7c395be7a24157e43567764f1b8cebf578b64f458c1d5df	common_voice_zh-CN_32969131.wav	dbc4ba129ef3ab43953a39c89475fb96396afa9633dbea679623dce6c20e3e6a	你能拿我咋地？		4.0	1.0					zh-CN		yes	no	
e1052f59a596ad4861f73a802942767b24517e12cf870c867c614ef6160b6ef1fe50b14016e54388763fe920474b217b01b9be063789595090814680640dc6a3	common_voice_zh-CN_33367416.wav	b209a8231a8d6e03f78ba118d18d86feb6de682abf640e1eea1c2c93b1a78107	深圳房价这么高，我哪儿买得起？		5.0	0.0					zh-CN		yes	yes	哪
e9cc3949d9b87864e2727112229c732040c1e4e075a4ddd22dd89394ed1866217ad241739862cee1b06f30323bb7ca272dd41d0af06e7152d77cc5ebdc3f637f	common_voice_zh-CN_22345897.wav	bd8beed236b53d56c5ff1fc0f58a3aee8dff5e092ac8df180b0d2666ff948393	你们为什么哭？		2.0	0.0	twenties	female_feminine	出生地：51 四川省		zh-CN		yes	yes	什么
9f5dc51624ab6ce742e104d140b0ecbc2543680d8b818876fbf247cc155284e953505c9bae0cb774c758f81adf4277313b52d232ad59cb0b273fa65ddad0f469	common_voice_zh-CN_32743708.wav	f38be2595db40697c184f85814a8c4dcaa14247f2759ed2b6ca7cc81a9eb1e38	人类究竟为何而战？		2.0	0.0					zh-CN		yes	no	
b4adc95096ef52bf5264a24836e5bb37c590cc037fc95c82aaca6e38866edd9aaed13d7b2bef0b5cd43ef41eb5a04ddf14f4a676e519228d2b853f92043c6525	common_voice_zh-CN_33109990.wav	be20c08d691ebb5621a6f3474e59d65d6a9beb877d3ab5b0c12cf752a26cbbb0	他怎么样？		3.0	0.0					zh-CN		yes	yes	怎么
4f7d3d676a9a1ccb0cdefecfd2d2662ecfeca647448f4ce0db811ad2366a6c1d3d2a61583da01f14983523875a798113ba49972b6b8cbbd02fd62e8572ac57f0	common_voice_zh-CN_32727933.wav	aff5e586cc0e3dd7dcc7d3de6d0b1388c070faf4a6b677d26ac140b3e40a3b60	你是什么人呢？		6.0	1.0					zh-CN		yes	yes	什么
4f7d3d676a9a1ccb0cdefecfd2d2662ecfeca647448f4ce0db811ad2366a6c1d3d2a61583da01f14983523875a798113ba49972b6b8cbbd02fd62e8572ac57f0	common_voice_zh-CN_32727972.wav	b199c67a4607d4cb1711cc2a56e630b8e4c7f832f2d336f4a72b0840c51e78b3	为什么这么急着抵达终点？		3.0	0.0					zh-CN		yes	yes	什么
b32158c1f5b6b727d46fe74fb3053903c2b43514cc9f88750970a1b05eb074430489ec80ba6046804a72cc9dda4b6935a53576ea77c81b3c5c745fa016228e44	common_voice_zh-CN_32589020.wav	c4e1197cf9173371849afe164b1aab083bffdf1a01f8b1985d2d4ccb9f04a1e0	吴老师，你觉得学员今晚的表演比上次有进步吗？		3.0	0.0					zh-CN		yes	yes	吗
6398bc9ce6cd9e5032364a1177b134d389ceb7372be38740d1b7e819b088890a0dabb1194f4febcb90b58d5f098f86154f0c43027c2d36d3e2d6b7e32b415b89	common_voice_zh-CN_33490270.wav	cdb13ebc2ec30bf9d1d89083bdcf0cafe51c0910fb35ec3225333a0f0e8eb6e2	这个好难理解呀，她写的是什么呀？		2.0	0.0					zh-CN		yes	yes	什么
cf8dc23350310dda0dbe3072fb2fefffc2398d2ef45f13cbea7e32eabb432e9233dae66f84f590a1233cf11729a95171d9c98be2ae8213fa64d5e38b5f279cea	common_voice_zh-CN_33398141.wav	f8222e0f8fc7292f5cba4144030844d152f98cca10081b7aededfaf7bba56140	技盖至此乎？		7.0	0.0					zh-CN		yes	no	
3a10710efd5cdb5e2b530df4f12e72288e3de3aa2b5737c7594a10813f3d91f53855e371d250c2ead80133763d9222f8e07e6abc195bbb5c4335b94f4aa111ae	common_voice_zh-CN_32582678.wav	b199c67a4607d4cb1711cc2a56e630b8e4c7f832f2d336f4a72b0840c51e78b3	为什么这么急着抵达终点？		4.0	0.0					zh-CN		yes	yes	什么
6d8c425523443c50d78d2b64682f5db063e1413d805367282faa3bfee829a1b212ae0ef6992218552dd5c33c7f1a186c3c12121ff130b7ffa283627d12861768	common_voice_zh-CN_22117605.wav	8b6ebce96b520411643bb399e41182f60d587e0546f6e01f61cbb0f4020953df	这样的学校要怎么经营下去？		2.0	0.0	thirties	male_masculine	出生地：32 江苏省		zh-CN		yes	yes	怎么
eff597b53f04e214ce19227c36060c572538c2922f730663f408faf6bb4678b850ee6bdc6f4f8dabfb807792b9add70a537b7b944c27a6cb04de13699f729368	common_voice_zh-CN_22119567.wav	86cd4ee1b8bcb6377cc3e53b67ef358b2faf138da0702e6e3dbba3bd22745018	传不习乎？		2.0	0.0	twenties	male_masculine	出生地：23 黑龙江省		zh-CN		yes	no	
4cfe0965b905db73b85791e356cd473e521524cc383c8840ac0490bca68ae47206f6f3ac5ec942c622391052e2d622e96710e4db3cc57377c9b50384cbb40c35	common_voice_zh-CN_22210883.wav	ad18fca16a585309b0d80c9bfc7cb6e83d9e4248f6a715e2c8031f19b9fde9e4	都要向妳报备吗？		2.0	0.0					zh-CN		yes	yes	吗
59748376dd087f2113544e5024ccd932ff0a06fb78a8797933f795a89f8515b8f551734fd67594bc8ee6024b931e16367a63c06d36e36fa08649ace744184498	common_voice_zh-CN_22071155.wav	74128072c7b507d172a3df908ab9865cfbc734e42022bf7ee8db7b93ac1e2b21	阿斯特拉尔出现真正目的是什么？		2.0	1.0					zh-CN		yes	yes	什么
7cb2886a29c2838746afcd82a5597953a8ea90dc5c361e6e656c5c86034ba2c55c971d4138cab8d05b1bc5adf77490faeccda582febcda381865e0cfac207a52	common_voice_zh-CN_22216071.wav	addda8e7b8d61cf24d8a07289a999dc30822a79b864c81338cc7dc8d42a9adf8	你确定？		2.0	0.0					zh-CN		yes	no	
8536db0af34f15d5327bb1579b35165a6c2f1f3ae3aff704219cec40e32d70f053c402a9779d43c2a7ca051812b2bdc7d4e2107b97b3f27765f22e27118e7923	common_voice_zh-CN_22051552.wav	631251b9340b66913bf580fc6355ecf5b3eb54f2aa3bf8b8dc8e755ca3379f8f	这有没有可取的地方呢？		2.0	0.0					zh-CN		yes	no	
8d8f14fa379782d9ddaa15da03bdcef6dd127f42fc5b06f9625d6fc7f49dec6b9acfacc67173e72fc35d2c2578ff3deddc21bd91e857040b7d886ab845628956	common_voice_zh-CN_22107632.wav	82de899714bd181663bc9be65ae2ff7dc8ba86f152fa29963d963c7d0002fb4e	这是什么鬼东西？		2.0	1.0					zh-CN		yes	yes	什么
924b36b77ecbb70732cee01ac12fb31f362027af73d6ca213b24d7842d549d9dc97be0ebae2e030fb888f3f69a319de25bcdeb10b309126a804fa46dfa342bdd	common_voice_zh-CN_19003194.wav	1b50f9299f3cecc98222c8e46c82e404eafbf0183087f82da28915193c60b014	神是甚么？		2.0	0.0	teens	male_masculine	出生地：44 广东省		zh-CN		yes	no	
acbc8e8b20dc5c7ad73e932c40f7656139446f27cf08458981b0c8d5528c1da03a49fddf2a81c02aeff6b98db5c47f112718cb702f2be8b25c5da0e11a1407db	common_voice_zh-CN_22106091.wav	7ee0f29179e09cf97e2feace1473d8c935a90cdea73c55993de9604d668c796c	系咪有责任交代返你之前搞乜野呀？		2.0	1.0					zh-CN		yes	no	
b1ccd227a5c1a7aae84f13ce582926a17531043c44b5b42077dffb6cd49a34d87f42590ae5a8886aab155a7624810996e4e993263ea3b694dc28f098ff7fdfd1	common_voice_zh-CN_18935941.wav	0374ee2bb50ea9b6d4a5b2cb8a32f5e175203b469321eef7cc38196a7787b00b	为何要和他成为亲戚？		2.0	0.0	teens	male_masculine	出生地：43 湖南省		zh-CN		yes	no	
d8fa83a1e8428f2e2d00cbd0e3bc95ae8aba5be13212fd60593b425170a1f4a75143e47ebc042602c6792602ed48837df41af1cbe157124278e596cd32fd121e	common_voice_zh-CN_22079295.wav	771a8ec7ac984c095172353a39e106e1d18c149ac1988047945acb7f83094f63	说人家是最大机会主义？		2.0	0.0					zh-CN		yes	no	
e1fa829ab6a542e42c78545ebb3918984a4e8ee0b15f3ef875ca500876eb3ba62a87a5f282a4b6e32d2734556241680c69e6a04812f6d1f555624a9d7f211dfe	common_voice_zh-CN_21974862.wav	5cc5ed668fe8acc7db5df8c43362d71b9360c39a08257b0682bafdac6dfe3d8e	你有什么事很忙吗？		2.0	0.0					zh-CN		yes	yes	什么, 吗
6f28bd3c7f178b06bb448e070d834ffbc986ac9db3036bdf210d03845ddb85b62cfef8e31009ea6745b44ddb309a094bce0ece87462615aa21d02b6cb82eecf2	common_voice_zh-CN_22109877.wav	8a491adff46f965e48f5c2aa5aa6aa686efeb0e160b715dccd4ccf6570c6407b	应该如何看苦难呢？		2.0	1.0					zh-CN		yes	yes	如何
7dcf31b64b6a63acc10d4cc9d56af702c67b21d7d6bd5d6e9ba925fb64bfccc77cd689faa4c756c18f8ee3e00825cf7b5de3b777a5f58131850fd53e7ea0f1d4	common_voice_zh-CN_22214168.wav	b11d17a5bb27a18dc6a930d2efcea162270ccba719f2395dbb195d1165bc35eb	怎么感觉很难喝？		2.0	0.0					zh-CN		yes	yes	怎么
85256c2c8ed6c3aee065da9f9608f258f5f38c5b8cc0e0a45c7f49d84711940a3dace814b1ec431c79477059d52126f616475494861f8c250506072debe1b684	common_voice_zh-CN_22055092.wav	66617662668f9282e102bd117c1ac4fcad3f41ecbbf593a1310cfca04787c91f	该不该通知她？		2.0	1.0					zh-CN		yes	no	
89fd4c978d324d16a79ae07ac48c2d824d1745faa910657981f89e61e762bfd952ece4e5ca394280dfa7d96c05f84fac67d724dafae39cab27ff4218b90aac6d	common_voice_zh-CN_22153980.wav	9b4ac0a91debb6abbd65d0665003cf79de426d36ee0c6df40df4c65c7c79b42b	还是因此更加深厚？		2.0	0.0					zh-CN		yes	yes	还是
a754762f34a574635463d07455751fcf885c1e67d761c6c860f827a44ab1dc1078090985039bd237fba9493a3d9f6213331f51b463e0497d3fb934193b425020	common_voice_zh-CN_22187198.wav	a7a56a38ab9929948773a53bdc09547164b829d66b26ed49f6a86cc86f1e2ad5	蓝色的天空看来像怎样？		2.0	0.0					zh-CN		yes	no	
ad5f4c4a6a4be517bc1891cadf0294129fa80197474ef3454c6b7188fe39d9f0408bf8c1e8a268117e23878d93fbe16a927da34511f37e60c3449959604dd7a7	common_voice_zh-CN_18646866.wav	0513493174ec9a30d8ff381ee26038ac9b62e5a6828d50a3ce728a300f847503	你有带钥匙来吗？		2.0	0.0	twenties	male_masculine			zh-CN		yes	yes	吗
b92001290de77f2f05bd4838b8ad0b45643183c40170459b7a6e9e45838b37d9df3cf8be9ed361a7510ff344910453877a8bcfc89e64b3d23064caa0029ffc98	common_voice_zh-CN_22214237.wav	b199c67a4607d4cb1711cc2a56e630b8e4c7f832f2d336f4a72b0840c51e78b3	为什么这么急着抵达终点？		2.0	0.0					zh-CN		yes	yes	什么
ce72281e6f9f7507dd7cde559322cb8280224874105537cfd971ccc0fe2f96ad2d7e8acfdae9d6df2f8de3c255db2013e13cac7493e1ac089bc9a4699d37c18b	common_voice_zh-CN_18985050.wav	0535d359fffcb0cf5d6f946197431d903fd4b65d08ed9973dbff8de0981a3429	为什么不宣传陈玉成而宣传李秀成？		2.0	0.0					zh-CN		yes	yes	什么
cf6f9704517191553ee0545404f98edab1c4d7cd0aa5a24b62a1b4a45fa27507ff58926d810819ab826e4c98d0a98e838f6e010e22ebf4a1e44548323df573f0	common_voice_zh-CN_22185014.wav	a565c49c84217f41b128ff513f57706d32e3fec70aba31bec12e46f494d8e0f8	谁才会是真正的赢家？		2.0	0.0					zh-CN		yes	yes	谁
